year,homicide_type,day
2004,Other,Saturday
2004,Shooting,Thursday
2004,Shooting,Thursday
2004,Shooting,Sunday
2004,Shooting,Sunday
2004,Stabbing,Friday
2004,Stabbing,Friday
2004,Shooting,Saturday
2004,Other,Saturday
2004,Shooting,Wednesday
2004,Shooting,Wednesday
2004,Shooting,Wednesday
2004,Shooting,Thursday
2004,Stabbing,Saturday
2004,Other,Thursday
2004,Other,Wednesday
2004,Other,Thursday
2004,Shooting,Tuesday
2004,Shooting,Saturday
2004,Shooting,Saturday
2004,Stabbing,Wednesday
2004,Other,Thursday
2004,Other,Friday
2004,Shooting,Friday
2004,Shooting,Saturday
2004,Other,Tuesday
2004,Other,Tuesday
2004,Shooting,Friday
2004,Stabbing,Friday
2004,Shooting,Saturday
2004,Shooting,Thursday
2004,Stabbing,Monday
2004,Stabbing,Wednesday
2004,Stabbing,Thursday
2004,Stabbing,Friday
2004,Other,Monday
2004,Shooting,Wednesday
2004,Other,Friday
2004,Shooting,Saturday
2004,Other,Thursday
2004,Stabbing,Wednesday
2004,Stabbing,Thursday
2004,Shooting,Monday
2004,Other,Monday
2004,Stabbing,Tuesday
2004,Shooting,Sunday
2004,Shooting,Tuesday
2004,Other,Wednesday
2004,Other,Friday
2004,Shooting,Friday
2004,Other,Thursday
2004,Other,Wednesday
2004,Other,Friday
2004,Stabbing,Wednesday
2004,Stabbing,Wednesday
2004,Other,Thursday
2004,Stabbing,Friday
2004,Stabbing,Saturday
2004,Stabbing,Saturday
2004,Stabbing,Sunday
2004,Shooting,Sunday
2004,Shooting,Sunday
2004,Shooting,Monday
2004,Stabbing,Friday
2005,Stabbing,Friday
2005,Stabbing,Tuesday
2005,Shooting,Friday
2005,Shooting,Friday
2005,Other,Monday
2005,Other,Wednesday
2005,Shooting,Friday
2005,Other,Friday
2005,Shooting,Saturday
2005,Shooting,Tuesday
2005,Shooting,Tuesday
2005,Other,Friday
2005,Shooting,Monday
2005,Shooting,Saturday
2005,Stabbing,Friday
2005,Shooting,Friday
2005,Shooting,Wednesday
2005,Shooting,Monday
2005,Other,Tuesday
2005,Shooting,Sunday
2005,Stabbing,Wednesday
2005,Shooting,Thursday
2005,Stabbing,Thursday
2005,Shooting,Sunday
2005,Shooting,Saturday
2005,Shooting,Sunday
2005,Shooting,Wednesday
2005,Stabbing,Friday
2005,Shooting,Sunday
2005,Shooting,Friday
2005,Stabbing,Saturday
2005,Shooting,Wednesday
2005,Shooting,Wednesday
2005,Other,Friday
2005,Other,Sunday
2005,Shooting,Tuesday
2005,Other,Wednesday
2005,Shooting,Saturday
2005,Shooting,Saturday
2005,Shooting,Sunday
2005,Shooting,Wednesday
2005,Shooting,Friday
2005,Shooting,Sunday
2005,Shooting,Sunday
2005,Shooting,Saturday
2005,Shooting,Monday
2005,Shooting,Tuesday
2005,Other,Thursday
2005,Other,Saturday
2005,Shooting,Thursday
2005,Shooting,Tuesday
2005,Other,Wednesday
2005,Stabbing,Tuesday
2005,Shooting,Thursday
2005,Shooting,Friday
2005,Shooting,Saturday
2005,Shooting,Tuesday
2005,Shooting,Friday
2005,Shooting,Friday
2005,Shooting,Friday
2005,Shooting,Friday
2005,Stabbing,Monday
2005,Other,Thursday
2005,Stabbing,Saturday
2005,Shooting,Saturday
2005,Shooting,Sunday
2005,Shooting,Sunday
2005,Shooting,Tuesday
2005,Other,Wednesday
2005,Other,Saturday
2005,Shooting,Wednesday
2005,Stabbing,Saturday
2005,Shooting,Monday
2005,Shooting,Friday
2005,Stabbing,Saturday
2005,Shooting,Tuesday
2005,Shooting,Thursday
2005,Other,Friday
2005,Shooting,Friday
2005,Shooting,Monday
2006,Shooting,Sunday
2006,Other,Thursday
2006,Shooting,Monday
2006,Stabbing,Wednesday
2006,Stabbing,Thursday
2006,Stabbing,Thursday
2006,Stabbing,Thursday
2006,Other,Thursday
2006,Other,Saturday
2006,Shooting,Sunday
2006,Shooting,Tuesday
2006,Shooting,Monday
2006,Shooting,Monday
2006,Shooting,Monday
2006,Other,Friday
2006,Stabbing,Thursday
2006,Stabbing,Wednesday
2006,Shooting,Saturday
2006,Stabbing,Saturday
2006,Stabbing,Tuesday
2006,Stabbing,Monday
2006,Other,Wednesday
2006,Other,Friday
2006,Shooting,Sunday
2006,Other,Friday
2006,Stabbing,Saturday
2006,Shooting,Saturday
2006,Shooting,Monday
2006,Stabbing,Tuesday
2006,Stabbing,Thursday
2006,Shooting,Friday
2006,Other,Friday
2006,Shooting,Monday
2006,Shooting,Sunday
2006,Shooting,Wednesday
2006,Shooting,Tuesday
2006,Shooting,Wednesday
2006,Shooting,Wednesday
2006,Shooting,Wednesday
2006,Stabbing,Friday
2006,Stabbing,Saturday
2006,Shooting,Monday
2006,Other,Thursday
2006,Other,Saturday
2006,Stabbing,Monday
2006,Stabbing,Monday
2006,Shooting,Thursday
2006,Stabbing,Sunday
2006,Shooting,Sunday
2006,Other,Sunday
2006,Other,Thursday
2006,Other,Friday
2006,Shooting,Monday
2006,Other,Friday
2006,Shooting,Monday
2006,Stabbing,Wednesday
2006,Other,Tuesday
2006,Stabbing,Saturday
2006,Other,Friday
2006,Shooting,Friday
2006,Stabbing,Sunday
2006,Stabbing,Sunday
2006,Shooting,Tuesday
2006,Other,Saturday
2006,Shooting,Sunday
2006,Other,Sunday
2006,Other,Wednesday
2006,Shooting,Monday
2006,Stabbing,Tuesday
2006,Shooting,Wednesday
2007,Shooting,Monday
2007,Other,Thursday
2007,Shooting,Thursday
2007,Shooting,Sunday
2007,Stabbing,Saturday
2007,Shooting,Sunday
2007,Other,Sunday
2007,Stabbing,Wednesday
2007,Stabbing,Thursday
2007,Stabbing,Friday
2007,Shooting,Thursday
2007,Shooting,Saturday
2007,Other,Wednesday
2007,Stabbing,Monday
2007,Shooting,Wednesday
2007,Shooting,Thursday
2007,Other,Friday
2007,Stabbing,Monday
2007,Shooting,Thursday
2007,Stabbing,Friday
2007,Shooting,Saturday
2007,Stabbing,Sunday
2007,Other,Sunday
2007,Other,Tuesday
2007,Shooting,Wednesday
2007,Other,Monday
2007,Shooting,Friday
2007,Shooting,Sunday
2007,Shooting,Monday
2007,Shooting,Wednesday
2007,Other,Saturday
2007,Other,Wednesday
2007,Stabbing,Tuesday
2007,Shooting,Saturday
2007,Other,Sunday
2007,Stabbing,Monday
2007,Stabbing,Monday
2007,Stabbing,Friday
2007,Shooting,Tuesday
2007,Shooting,Wednesday
2007,Shooting,Wednesday
2007,Stabbing,Saturday
2007,Stabbing,Tuesday
2007,Shooting,Saturday
2007,Shooting,Sunday
2007,Shooting,Sunday
2007,Shooting,Sunday
2007,Shooting,Saturday
2007,Other,Saturday
2007,Stabbing,Sunday
2007,Shooting,Monday
2007,Shooting,Saturday
2007,Stabbing,Thursday
2007,Shooting,Thursday
2007,Other,Wednesday
2007,Stabbing,Wednesday
2007,Shooting,Sunday
2007,Other,Friday
2007,Other,Saturday
2007,Other,Friday
2007,Stabbing,Tuesday
2007,Other,Tuesday
2007,Shooting,Wednesday
2007,Other,Tuesday
2007,Shooting,Friday
2007,Stabbing,Tuesday
2007,Shooting,Saturday
2007,Shooting,Monday
2007,Shooting,Tuesday
2007,Shooting,Sunday
2007,Other,Thursday
2007,Shooting,Sunday
2007,Shooting,Saturday
2007,Stabbing,Saturday
2007,Shooting,Tuesday
2007,Shooting,Friday
2007,Shooting,Friday
2007,Stabbing,Friday
2007,Shooting,Sunday
2007,Shooting,Wednesday
2007,Stabbing,Saturday
2007,Shooting,Sunday
2007,Shooting,Friday
2007,Shooting,Sunday
2007,Stabbing,Tuesday
2007,Stabbing,Tuesday
2008,Stabbing,Tuesday
2008,Shooting,Saturday
2008,Shooting,Thursday
2008,Shooting,Tuesday
2008,Shooting,Friday
2008,Shooting,Friday
2008,Shooting,Sunday
2008,Shooting,Friday
2008,Other,Saturday
2008,Shooting,Monday
2008,Other,Thursday
2008,Shooting,Friday
2008,Stabbing,Tuesday
2008,Shooting,Tuesday
2008,Stabbing,Thursday
2008,Stabbing,Wednesday
2008,Other,Sunday
2008,Stabbing,Sunday
2008,Other,Saturday
2008,Stabbing,Saturday
2008,Shooting,Wednesday
2008,Shooting,Wednesday
2008,Other,Wednesday
2008,Shooting,Friday
2008,Shooting,Friday
2008,Shooting,Friday
2008,Shooting,Sunday
2008,Other,Sunday
2008,Other,Monday
2008,Shooting,Wednesday
2008,Stabbing,Monday
2008,Shooting,Thursday
2008,Shooting,Saturday
2008,Shooting,Sunday
2008,Shooting,Sunday
2008,Shooting,Sunday
2008,Shooting,Saturday
2008,Shooting,Sunday
2008,Stabbing,Saturday
2008,Other,Sunday
2008,Stabbing,Sunday
2008,Shooting,Sunday
2008,Other,Friday
2008,Shooting,Sunday
2008,Shooting,Tuesday
2008,Other,Thursday
2008,Stabbing,Tuesday
2008,Shooting,Monday
2008,Stabbing,Monday
2008,Shooting,Tuesday
2008,Stabbing,Tuesday
2008,Shooting,Tuesday
2008,Shooting,Monday
2008,Other,Wednesday
2008,Shooting,Friday
2008,Shooting,Thursday
2008,Other,Saturday
2008,Stabbing,Monday
2008,Stabbing,Monday
2008,Shooting,Tuesday
2008,Shooting,Saturday
2008,Shooting,Saturday
2008,Stabbing,Tuesday
2008,Stabbing,Tuesday
2008,Stabbing,Tuesday
2008,Other,Sunday
2008,Shooting,Wednesday
2008,Stabbing,Wednesday
2008,Stabbing,Saturday
2008,Other,Thursday
2009,Shooting,Saturday
2009,Shooting,Sunday
2009,Other,Tuesday
2009,Stabbing,Friday
2009,Shooting,Tuesday
2009,Shooting,Sunday
2009,Shooting,Tuesday
2009,Shooting,Sunday
2009,Shooting,Thursday
2009,Shooting,Saturday
2009,Stabbing,Thursday
2009,Stabbing,Thursday
2009,Stabbing,Friday
2009,Shooting,Tuesday
2009,Shooting,Wednesday
2009,Shooting,Friday
2009,Stabbing,Tuesday
2009,Other,Saturday
2009,Shooting,Monday
2009,Stabbing,Wednesday
2009,Stabbing,Wednesday
2009,Other,Wednesday
2009,Stabbing,Monday
2009,Other,Wednesday
2009,Stabbing,Sunday
2009,Stabbing,Sunday
2009,Other,Tuesday
2009,Other,Saturday
2009,Shooting,Sunday
2009,Stabbing,Monday
2009,Shooting,Saturday
2009,Shooting,Saturday
2009,Shooting,Sunday
2009,Shooting,Tuesday
2009,Shooting,Wednesday
2009,Shooting,Monday
2009,Shooting,Sunday
2009,Shooting,Wednesday
2009,Shooting,Saturday
2009,Shooting,Monday
2009,Other,Saturday
2009,Shooting,Saturday
2009,Other,Sunday
2009,Shooting,Sunday
2009,Shooting,Friday
2009,Shooting,Monday
2009,Shooting,Tuesday
2009,Stabbing,Wednesday
2009,Other,Saturday
2009,Stabbing,Saturday
2009,Shooting,Wednesday
2009,Shooting,Tuesday
2009,Shooting,Sunday
2009,Shooting,Sunday
2009,Shooting,Thursday
2009,Other,Saturday
2009,Shooting,Sunday
2009,Shooting,Monday
2009,Shooting,Wednesday
2009,Stabbing,Sunday
2009,Other,Friday
2009,Shooting,Tuesday
2010,Other,Saturday
2010,Shooting,Thursday
2010,Other,Sunday
2010,Stabbing,Wednesday
2010,Stabbing,Wednesday
2010,Shooting,Sunday
2010,Shooting,Monday
2010,Other,Sunday
2010,Other,Monday
2010,Shooting,Thursday
2010,Other,Saturday
2010,Other,Sunday
2010,Other,Wednesday
2010,Shooting,Monday
2010,Other,Saturday
2010,Stabbing,Monday
2010,Shooting,Monday
2010,Other,Tuesday
2010,Other,Saturday
2010,Stabbing,Saturday
2010,Other,Monday
2010,Stabbing,Saturday
2010,Other,Saturday
2010,Stabbing,Tuesday
2010,Stabbing,Wednesday
2010,Shooting,Friday
2010,Stabbing,Friday
2010,Shooting,Tuesday
2010,Other,Friday
2010,Shooting,Saturday
2010,Shooting,Tuesday
2010,Stabbing,Wednesday
2010,Shooting,Friday
2010,Shooting,Friday
2010,Shooting,Friday
2010,Stabbing,Saturday
2010,Other,Sunday
2010,Shooting,Saturday
2010,Shooting,Saturday
2010,Shooting,Tuesday
2010,Stabbing,Friday
2010,Other,Sunday
2010,Other,Monday
2010,Shooting,Friday
2010,Shooting,Sunday
2010,Other,Sunday
2010,Stabbing,Saturday
2010,Shooting,Wednesday
2010,Shooting,Wednesday
2010,Shooting,Monday
2010,Shooting,Monday
2010,Shooting,Saturday
2010,Shooting,Saturday
2010,Shooting,Sunday
2010,Shooting,Monday
2010,Stabbing,Wednesday
2010,Shooting,Wednesday
2010,Shooting,Saturday
2010,Shooting,Monday
2010,Shooting,Wednesday
2010,Other,Saturday
2010,Shooting,Monday
2010,Other,Thursday
2010,Shooting,Saturday
2010,Other,Wednesday
2011,Stabbing,Saturday
2011,Shooting,Wednesday
2011,Other,Thursday
2011,Other,Wednesday
2011,Other,Thursday
2011,Other,Sunday
2011,Shooting,Tuesday
2011,Stabbing,Saturday
2011,Shooting,Friday
2011,Shooting,Friday
2011,Shooting,Wednesday
2011,Other,Saturday
2011,Shooting,Saturday
2011,Shooting,Wednesday
2011,Other,Thursday
2011,Shooting,Sunday
2011,Other,Monday
2011,Shooting,Monday
2011,Shooting,Monday
2011,Other,Wednesday
2011,Other,Friday
2011,Shooting,Saturday
2011,Shooting,Thursday
2011,Shooting,Sunday
2011,Shooting,Thursday
2011,Stabbing,Friday
2011,Stabbing,Friday
2011,Other,Friday
2011,Shooting,Friday
2011,Shooting,Sunday
2011,Stabbing,Wednesday
2011,Shooting,Saturday
2011,Shooting,Tuesday
2011,Shooting,Saturday
2011,Other,Sunday
2011,Shooting,Saturday
2011,Shooting,Sunday
2011,Other,Friday
2011,Shooting,Sunday
2011,Shooting,Friday
2011,Shooting,Saturday
2011,Other,Monday
2011,Shooting,Friday
2011,Shooting,Friday
2011,Shooting,Tuesday
2011,Stabbing,Friday
2011,Other,Friday
2011,Stabbing,Saturday
2011,Other,Monday
2011,Shooting,Friday
2011,Stabbing,Saturday
2012,Stabbing,Sunday
2012,Shooting,Sunday
2012,Other,Sunday
2012,Shooting,Saturday
2012,Shooting,Tuesday
2012,Shooting,Friday
2012,Shooting,Monday
2012,Shooting,Monday
2012,Other,Wednesday
2012,Other,Sunday
2012,Stabbing,Friday
2012,Shooting,Thursday
2012,Stabbing,Sunday
2012,Other,Monday
2012,Shooting,Friday
2012,Other,Monday
2012,Shooting,Wednesday
2012,Shooting,Thursday
2012,Other,Monday
2012,Shooting,Thursday
2012,Shooting,Saturday
2012,Shooting,Saturday
2012,Shooting,Monday
2012,Shooting,Friday
2012,Shooting,Saturday
2012,Other,Monday
2012,Other,Tuesday
2012,Shooting,Thursday
2012,Shooting,Monday
2012,Shooting,Monday
2012,Shooting,Tuesday
2012,Shooting,Thursday
2012,Other,Sunday
2012,Shooting,Wednesday
2012,Other,Tuesday
2012,Other,Friday
2012,Shooting,Saturday
2012,Shooting,Saturday
2012,Other,Saturday
2012,Shooting,Sunday
2012,Shooting,Tuesday
2012,Shooting,Tuesday
2012,Shooting,Thursday
2012,Other,Wednesday
2012,Other,Thursday
2012,Stabbing,Tuesday
2012,Shooting,Sunday
2012,Stabbing,Monday
2012,Shooting,Monday
2012,Shooting,Tuesday
2012,Shooting,Sunday
2012,Other,Monday
2012,Other,Wednesday
2012,Stabbing,Saturday
2012,Shooting,Thursday
2012,Shooting,Sunday
2012,Stabbing,Thursday
2013,Stabbing,Tuesday
2013,Shooting,Friday
2013,Other,Saturday
2013,Other,Saturday
2013,Other,Saturday
2013,Other,Wednesday
2013,Other,Wednesday
2013,Shooting,Sunday
2013,Shooting,Monday
2013,Shooting,Sunday
2013,Shooting,Sunday
2013,Stabbing,Monday
2013,Other,Wednesday
2013,Other,Wednesday
2013,Shooting,Thursday
2013,Shooting,Thursday
2013,Shooting,Saturday
2013,Other,Saturday
2013,Shooting,Thursday
2013,Stabbing,Thursday
2013,Other,Monday
2013,Stabbing,Tuesday
2013,Other,Thursday
2013,Shooting,Sunday
2013,Other,Friday
2013,Shooting,Wednesday
2013,Other,Monday
2013,Shooting,Sunday
2013,Stabbing,Thursday
2013,Other,Thursday
2013,Other,Tuesday
2013,Other,Saturday
2013,Other,Sunday
2013,Stabbing,Monday
2013,Stabbing,Monday
2013,Stabbing,Monday
2013,Shooting,Sunday
2013,Shooting,Monday
2013,Shooting,Monday
2013,Shooting,Friday
2013,Shooting,Friday
2013,Shooting,Tuesday
2013,Stabbing,Thursday
2013,Stabbing,Saturday
2013,Shooting,Tuesday
2013,Stabbing,Friday
2013,Shooting,Monday
2013,Stabbing,Sunday
2013,Stabbing,Sunday
2013,Other,Sunday
2013,Other,Friday
2013,Other,Saturday
2013,Shooting,Sunday
2013,Shooting,Sunday
2013,Stabbing,Monday
2013,Other,Thursday
2013,Other,Friday
2014,Other,Friday
2014,Other,Tuesday
2014,Shooting,Wednesday
2014,Other,Wednesday
2014,Other,Thursday
2014,Stabbing,Sunday
2014,Other,Monday
2014,Shooting,Tuesday
2014,Shooting,Sunday
2014,Stabbing,Wednesday
2014,Shooting,Saturday
2014,Stabbing,Sunday
2014,Other,Wednesday
2014,Stabbing,Saturday
2014,Stabbing,Saturday
2014,Shooting,Wednesday
2014,Shooting,Wednesday
2014,Shooting,Tuesday
2014,Shooting,Friday
2014,Shooting,Saturday
2014,Shooting,Friday
2014,Shooting,Saturday
2014,Other,Tuesday
2014,Shooting,Sunday
2014,Shooting,Tuesday
2014,Other,Tuesday
2014,Stabbing,Saturday
2014,Shooting,Monday
2014,Shooting,Tuesday
2014,Other,Saturday
2014,Other,Friday
2014,Stabbing,Monday
2014,Shooting,Monday
2014,Shooting,Thursday
2014,Other,Thursday
2014,Shooting,Sunday
2014,Other,Sunday
2014,Shooting,Wednesday
2014,Stabbing,Tuesday
2014,Stabbing,Saturday
2014,Shooting,Monday
2014,Stabbing,Tuesday
2014,Shooting,Sunday
2014,Shooting,Monday
2014,Shooting,Monday
2014,Shooting,Monday
2014,Other,Monday
2014,Other,Wednesday
2014,Shooting,Thursday
2014,Shooting,Thursday
2014,Shooting,Sunday
2014,Stabbing,Saturday
2014,Stabbing,Saturday
2014,Stabbing,Saturday
2014,Stabbing,Monday
2014,Stabbing,Thursday
2014,Stabbing,Tuesday
2014,Other,Monday
2015,Stabbing,Saturday
2015,Other,Friday
2015,Stabbing,Saturday
2015,Shooting,Tuesday
2015,Shooting,Saturday
2015,Other,Wednesday
2015,Shooting,Saturday
2015,Shooting,Saturday
2015,Shooting,Tuesday
2015,Other,Wednesday
2015,Stabbing,Saturday
2015,Shooting,Monday
2015,Other,Thursday
2015,Other,Tuesday
2015,Stabbing,Thursday
2015,Stabbing,Friday
2015,Other,Sunday
2015,Shooting,Tuesday
2015,Shooting,Wednesday
2015,Stabbing,Monday
2015,Stabbing,Saturday
2015,Shooting,Monday
2015,Stabbing,Wednesday
2015,Other,Friday
2015,Shooting,Sunday
2015,Shooting,Sunday
2015,Shooting,Thursday
2015,Other,Friday
2015,Stabbing,Sunday
2015,Stabbing,Monday
2015,Shooting,Tuesday
2015,Shooting,Tuesday
2015,Stabbing,Friday
2015,Shooting,Sunday
2015,Shooting,Wednesday
2015,Shooting,Wednesday
2015,Stabbing,Sunday
2015,Stabbing,Saturday
2015,Stabbing,Tuesday
2015,Shooting,Thursday
2015,Other,Thursday
2015,Shooting,Saturday
2015,Shooting,Saturday
2015,Shooting,Wednesday
2015,Other,Tuesday
2015,Other,Tuesday
2015,Stabbing,Friday
2015,Stabbing,Friday
2015,Shooting,Tuesday
2015,Other,Saturday
2015,Shooting,Monday
2015,Stabbing,Friday
2015,Shooting,Friday
2015,Shooting,Friday
2015,Other,Monday
2015,Shooting,Tuesday
2015,Stabbing,Tuesday
2015,Other,Sunday
2015,Other,Wednesday
2016,Shooting,Monday
2016,Other,Sunday
2016,Shooting,Tuesday
2016,Shooting,Wednesday
2016,Shooting,Wednesday
2016,Shooting,Sunday
2016,Shooting,Friday
2016,Other,Saturday
2016,Shooting,Sunday
2016,Shooting,Sunday
2016,Stabbing,Wednesday
2016,Other,Friday
2016,Other,Friday
2016,Other,Friday
2016,Other,Friday
2016,Other,Sunday
2016,Stabbing,Tuesday
2016,Other,Monday
2016,Stabbing,Saturday
2016,Shooting,Sunday
2016,Shooting,Monday
2016,Other,Friday
2016,Shooting,Sunday
2016,Other,Tuesday
2016,Shooting,Wednesday
2016,Shooting,Saturday
2016,Other,Saturday
2016,Shooting,Wednesday
2016,Shooting,Thursday
2016,Shooting,Sunday
2016,Other,Sunday
2016,Other,Tuesday
2016,Other,Friday
2016,Shooting,Friday
2016,Shooting,Friday
2016,Shooting,Sunday
2016,Shooting,Sunday
2016,Other,Wednesday
2016,Shooting,Friday
2016,Shooting,Tuesday
2016,Shooting,Friday
2016,Shooting,Friday
2016,Other,Sunday
2016,Shooting,Wednesday
2016,Other,Monday
2016,Shooting,Thursday
2016,Stabbing,Friday
2016,Other,Tuesday
2016,Other,Monday
2016,Shooting,Sunday
2016,Other,Thursday
2016,Other,Thursday
2016,Other,Thursday
2016,Shooting,Saturday
2016,Shooting,Sunday
2016,Stabbing,Tuesday
2016,Other,Wednesday
2016,Stabbing,Friday
2016,Shooting,Friday
2016,Shooting,Sunday
2016,Shooting,Tuesday
2016,Shooting,Monday
2016,Shooting,Thursday
2016,Other,Saturday
2016,Shooting,Friday
2016,Shooting,Saturday
2016,Shooting,Sunday
2016,Other,Saturday
2016,Stabbing,Sunday
2016,Shooting,Wednesday
2016,Shooting,Wednesday
2016,Stabbing,Friday
2016,Shooting,Saturday
2016,Shooting,Sunday
2016,Stabbing,Saturday
2017,Shooting,Sunday
2017,Shooting,Monday
2017,Other,Thursday
2017,Shooting,Monday
2017,Shooting,Monday
2017,Shooting,Wednesday
2017,Shooting,Sunday
2017,Other,Monday
2017,Shooting,Monday
2017,Other,Thursday
2017,Shooting,Saturday
2017,Other,Saturday
2017,Shooting,Thursday
2017,Shooting,Saturday
2017,Shooting,Friday
2017,Shooting,Friday
2017,Shooting,Friday
2017,Shooting,Friday
2017,Shooting,Monday
2017,Other,Monday
2017,Other,Wednesday
2017,Shooting,Sunday
2017,Stabbing,Friday
2017,Shooting,Sunday
2017,Shooting,Sunday
2017,Shooting,Sunday
2017,Shooting,Sunday
2017,Shooting,Sunday
2017,Shooting,Monday
2017,Stabbing,Monday
2017,Shooting,Tuesday
2017,Stabbing,Thursday
2017,Shooting,Sunday
2017,Stabbing,Tuesday
2017,Shooting,Thursday
2017,Shooting,Saturday
2017,Stabbing,Wednesday
2017,Stabbing,Sunday
2017,Stabbing,Wednesday
2017,Shooting,Thursday
2017,Shooting,Saturday
2017,Shooting,Saturday
2017,Shooting,Friday
2017,Shooting,Sunday
2017,Shooting,Sunday
2017,Other,Wednesday
2017,Shooting,Thursday
2017,Stabbing,Saturday
2017,Shooting,Sunday
2017,Other,Friday
2017,Shooting,Saturday
2017,Stabbing,Friday
2017,Stabbing,Saturday
2017,Shooting,Monday
2017,Stabbing,Tuesday
2017,Shooting,Tuesday
2017,Other,Wednesday
2017,Shooting,Monday
2017,Other,Wednesday
2017,Other,Tuesday
2017,Other,Friday
2017,Other,Friday
2017,Shooting,Saturday
2017,Other,Sunday
2017,Other,Sunday
2018,Other,Wednesday
2018,Shooting,Tuesday
2018,Shooting,Friday
2018,Shooting,Friday
2018,Stabbing,Monday
2018,Shooting,Thursday
2018,Shooting,Thursday
2018,Other,Monday
2018,Shooting,Friday
2018,Stabbing,Tuesday
2018,Shooting,Saturday
2018,Shooting,Friday
2018,Shooting,Saturday
2018,Shooting,Saturday
2018,Shooting,Friday
2018,Other,Sunday
2018,Stabbing,Tuesday
2018,Stabbing,Saturday
2018,Other,Monday
2018,Other,Monday
2018,Other,Monday
2018,Other,Monday
2018,Other,Monday
2018,Other,Monday
2018,Other,Monday
2018,Other,Monday
2018,Other,Monday
2018,Other,Monday
2018,Other,Monday
2018,Stabbing,Sunday
2018,Shooting,Monday
2018,Shooting,Sunday
2018,Shooting,Sunday
2018,Stabbing,Wednesday
2018,Stabbing,Friday
2018,Other,Friday
2018,Shooting,Monday
2018,Shooting,Monday
2018,Shooting,Wednesday
2018,Shooting,Tuesday
2018,Stabbing,Saturday
2018,Other,Saturday
2018,Other,Wednesday
2018,Stabbing,Saturday
2018,Other,Monday
2018,Stabbing,Saturday
2018,Shooting,Sunday
2018,Shooting,Sunday
2018,Shooting,Sunday
2018,Shooting,Monday
2018,Shooting,Saturday
2018,Shooting,Saturday
2018,Stabbing,Sunday
2018,Shooting,Sunday
2018,Other,Thursday
2018,Shooting,Sunday
2018,Shooting,Monday
2018,Stabbing,Saturday
2018,Shooting,Monday
2018,Shooting,Monday
2018,Shooting,Wednesday
2018,Other,Monday
2018,Shooting,Wednesday
2018,Stabbing,Saturday
2018,Stabbing,Saturday
2018,Stabbing,Saturday
2018,Shooting,Sunday
2018,Shooting,Wednesday
2018,Shooting,Wednesday
2018,Other,Friday
2018,Stabbing,Friday
2018,Other,Wednesday
2018,Shooting,Friday
2018,Shooting,Sunday
2018,Shooting,Sunday
2018,Shooting,Saturday
2018,Other,Saturday
2018,Stabbing,Tuesday
2018,Shooting,Friday
2018,Shooting,Tuesday
2018,Stabbing,Wednesday
2018,Shooting,Monday
2018,Shooting,Tuesday
2018,Shooting,Tuesday
2018,Shooting,Wednesday
2018,Other,Thursday
2018,Shooting,Thursday
2018,Other,Friday
2018,Other,Thursday
2018,Stabbing,Saturday
2018,Shooting,Wednesday
2018,Other,Friday
2018,Shooting,Sunday
2018,Stabbing,Thursday
2018,Shooting,Wednesday
2018,Shooting,Tuesday
2018,Shooting,Wednesday
2018,Shooting,Friday
2019,Stabbing,Sunday
2019,Stabbing,Tuesday
2019,Shooting,Wednesday
2019,Shooting,Saturday
2019,Stabbing,Thursday
2019,Shooting,Friday
2019,Shooting,Sunday
2019,Shooting,Tuesday
2019,Shooting,Wednesday
2019,Shooting,Sunday
2019,Other,Monday
2019,Shooting,Friday
2019,Shooting,Monday
2019,Other,Wednesday
2019,Other,Monday
2019,Shooting,Tuesday
2019,Other,Wednesday
2019,Stabbing,Wednesday
2019,Stabbing,Monday
2019,Shooting,Sunday
2019,Shooting,Sunday
2019,Other,Sunday
2019,Shooting,Wednesday
2019,Shooting,Friday
2019,Stabbing,Sunday
2019,Other,Tuesday
2019,Other,Thursday
2019,Stabbing,Saturday
2019,Shooting,Thursday
2019,Stabbing,Thursday
2019,Shooting,Saturday
2019,Shooting,Saturday
2019,Shooting,Sunday
2019,Other,Monday
2019,Other,Thursday
2019,Shooting,Friday
2019,Stabbing,Wednesday
2019,Shooting,Friday
2019,Shooting,Friday
2019,Shooting,Monday
2019,Shooting,Wednesday
2019,Shooting,Sunday
2019,Other,Tuesday
2019,Other,Wednesday
2019,Stabbing,Wednesday
2019,Shooting,Monday
2019,Shooting,Thursday
2019,Other,Sunday
2019,Shooting,Tuesday
2019,Other,Tuesday
2019,Shooting,Sunday
2019,Shooting,Tuesday
2019,Shooting,Tuesday
2019,Stabbing,Wednesday
2019,Other,Monday
2019,Shooting,Monday
2019,Shooting,Thursday
2019,Shooting,Saturday
2019,Other,Saturday
2019,Stabbing,Thursday
2019,Shooting,Monday
2019,Shooting,Tuesday
2019,Shooting,Thursday
2019,Shooting,Saturday
2019,Shooting,Saturday
2019,Shooting,Saturday
2019,Stabbing,Tuesday
2019,Shooting,Wednesday
2019,Other,Wednesday
2019,Other,Wednesday
2019,Shooting,Sunday
2019,Stabbing,Thursday
2019,Other,Friday
2019,Stabbing,Sunday
2019,Other,Sunday
2019,Stabbing,Monday
2019,Shooting,Friday
2019,Shooting,Sunday
2019,Shooting,Tuesday
2020,Shooting,Wednesday
2020,Shooting,Saturday
2020,Stabbing,Monday
2020,Shooting,Monday
2020,Other,Monday
2020,Shooting,Saturday
2020,Shooting,Friday
2020,Shooting,Friday
2020,Shooting,Wednesday
2020,Shooting,Friday
2020,Other,Friday
2020,Stabbing,Monday
2020,Other,Wednesday
2020,Shooting,Friday
2020,Stabbing,Sunday
2020,Shooting,Wednesday
2020,Shooting,Saturday
2020,Other,Sunday
2020,Shooting,Sunday
2020,Other,Sunday
2020,Shooting,Wednesday
2020,Other,Tuesday
2020,Other,Tuesday
2020,Shooting,Sunday
2020,Shooting,Saturday
2020,Other,Thursday
2020,Shooting,Thursday
2020,Shooting,Sunday
2020,Other,Tuesday
2020,Shooting,Tuesday
2020,Shooting,Saturday
2020,Shooting,Tuesday
2020,Shooting,Friday
2020,Stabbing,Thursday
2020,Shooting,Saturday
2020,Other,Thursday
2020,Shooting,Friday
2020,Shooting,Friday
2020,Other,Monday
2020,Stabbing,Sunday
2020,Stabbing,Tuesday
2020,Shooting,Wednesday
2020,Shooting,Thursday
2020,Stabbing,Saturday
2020,Stabbing,Saturday
2020,Stabbing,Wednesday
2020,Shooting,Wednesday
2020,Stabbing,Monday
2020,Shooting,Thursday
2020,Stabbing,Saturday
2020,Stabbing,Saturday
2020,Stabbing,Saturday
2020,Shooting,Sunday
2020,Shooting,Thursday
2020,Shooting,Sunday
2020,Shooting,Sunday
2020,Other,Monday
2020,Shooting,Thursday
2020,Shooting,Saturday
2020,Shooting,Wednesday
2020,Shooting,Sunday
2020,Shooting,Saturday
2020,Stabbing,Monday
2020,Stabbing,Wednesday
2020,Stabbing,Sunday
2020,Shooting,Wednesday
2020,Other,Sunday
2020,Stabbing,Tuesday
2020,Other,Tuesday
2020,Other,Friday
2020,Stabbing,Monday
2021,Stabbing,Wednesday
2021,Shooting,Sunday
2021,Shooting,Thursday
2021,Other,Thursday
2021,Shooting,Friday
2021,Shooting,Sunday
2021,Shooting,Saturday
2021,Shooting,Monday
2021,Shooting,Monday
2021,Shooting,Tuesday
2021,Shooting,Friday
2021,Other,Friday
2021,Other,Friday
2021,Stabbing,Saturday
2021,Other,Saturday
2021,Stabbing,Tuesday
2021,Other,Friday
2021,Shooting,Saturday
2021,Stabbing,Sunday
2021,Stabbing,Sunday
2021,Stabbing,Monday
2021,Stabbing,Thursday
2021,Shooting,Friday
2021,Shooting,Sunday
2021,Other,Saturday
2021,Other,Monday
2021,Other,Wednesday
2021,Shooting,Friday
2021,Shooting,Sunday
2021,Shooting,Sunday
2021,Other,Sunday
2021,Shooting,Monday
2021,Shooting,Monday
2021,Other,Thursday
2021,Shooting,Friday
2021,Other,Friday
2021,Shooting,Saturday
2021,Shooting,Monday
2021,Other,Saturday
2021,Other,Wednesday
2021,Other,Sunday
2021,Other,Monday
2021,Shooting,Tuesday
2021,Stabbing,Wednesday
2021,Stabbing,Friday
2021,Stabbing,Wednesday
2021,Other,Friday
2021,Shooting,Sunday
2021,Shooting,Sunday
2021,Other,Saturday
2021,Shooting,Saturday
2021,Other,Wednesday
2021,Shooting,Friday
2021,Shooting,Saturday
2021,Stabbing,Thursday
2021,Shooting,Friday
2021,Other,Saturday
2021,Other,Sunday
2021,Other,Sunday
2021,Shooting,Tuesday
2021,Shooting,Friday
2021,Shooting,Saturday
2021,Shooting,Sunday
2021,Stabbing,Wednesday
2021,Stabbing,Sunday
2021,Shooting,Wednesday
2021,Shooting,Saturday
2021,Shooting,Thursday
2021,Shooting,Saturday
2021,Shooting,Saturday
2021,Shooting,Saturday
2021,Shooting,Sunday
2021,Shooting,Thursday
2021,Shooting,Friday
2021,Other,Saturday
2021,Other,Friday
2021,Stabbing,Tuesday
2021,Shooting,Tuesday
2021,Shooting,Friday
2021,Stabbing,Thursday
2021,Shooting,Monday
2021,Shooting,Thursday
2021,Shooting,Friday
2021,Shooting,Sunday
2021,Stabbing,Friday
2022,Shooting,Sunday
2022,Shooting,Monday
2022,Shooting,Monday
2022,Stabbing,Monday
2022,Shooting,Monday
2022,Shooting,Saturday
2022,Shooting,Tuesday
2022,Shooting,Wednesday
2022,Shooting,Saturday
2022,Shooting,Sunday
2022,Other,Wednesday
2022,Shooting,Monday
2022,Shooting,Thursday
2022,Shooting,Saturday
2022,Shooting,Monday
2022,Other,Friday
2022,Other,Thursday
2022,Stabbing,Monday
2022,Stabbing,Saturday
2022,Shooting,Thursday
2022,Shooting,Saturday
2022,Stabbing,Friday
2022,Shooting,Thursday
2022,Shooting,Saturday
2022,Shooting,Saturday
2022,Shooting,Monday
2022,Other,Sunday
2022,Shooting,Sunday
2022,Shooting,Wednesday
2022,Shooting,Wednesday
2022,Other,Friday
2022,Other,Friday
2022,Shooting,Saturday
2022,Shooting,Sunday
2022,Shooting,Thursday
2022,Stabbing,Friday
2022,Other,Monday
2022,Shooting,Saturday
2022,Shooting,Sunday
2022,Other,Thursday
2022,Shooting,Tuesday
2022,Shooting,Thursday
2022,Stabbing,Saturday
2022,Stabbing,Friday
2022,Stabbing,Friday
2022,Shooting,Saturday
2022,Stabbing,Saturday
2022,Shooting,Thursday
2022,Stabbing,Tuesday
2022,Stabbing,Wednesday
2022,Stabbing,Wednesday
2022,Shooting,Wednesday
2022,Other,Sunday
2022,Other,Thursday
2022,Stabbing,Tuesday
2022,Shooting,Thursday
2022,Shooting,Saturday
2022,Shooting,Sunday
2022,Shooting,Saturday
2022,Shooting,Friday
2022,Shooting,Monday
2022,Stabbing,Sunday
2022,Shooting,Saturday
2022,Shooting,Tuesday
2022,Shooting,Sunday
2022,Stabbing,Tuesday
2022,Stabbing,Thursday
2022,Shooting,Saturday
2022,Shooting,Friday
2022,Stabbing,Sunday
2022,Shooting,Friday
2023,Other,Wednesday
2023,Other,Friday
2023,Other,Tuesday
2023,Stabbing,Sunday
2023,Other,Sunday
2023,Stabbing,Friday
2023,Stabbing,Monday
2023,Shooting,Monday
2023,Stabbing,Friday
2023,Stabbing,Friday
2023,Shooting,Monday
2023,Other,Thursday
2023,Other,Friday
2023,Stabbing,Saturday
2023,Shooting,Friday
2023,Shooting,Saturday
2023,Shooting,Friday
2023,Other,Tuesday
2023,Other,Monday
2023,Shooting,Wednesday
2023,Stabbing,Friday
2023,Shooting,Saturday
2023,Stabbing,Monday
2023,Stabbing,Sunday
2023,Stabbing,Friday
2023,Other,Tuesday
2023,Shooting,Monday
2023,Other,Tuesday
2023,Shooting,Monday
2023,Stabbing,Sunday
2023,Shooting,Thursday
2023,Stabbing,Friday
2023,Stabbing,Friday
2023,Shooting,Sunday
2023,Other,Friday
2023,Shooting,Friday
2023,Shooting,Wednesday
2023,Shooting,Sunday
2023,Shooting,Monday
2023,Shooting,Tuesday
2023,Stabbing,Thursday
2023,Other,Wednesday
2023,Other,Tuesday
2023,Other,Wednesday
2023,Shooting,Monday
2023,Shooting,Thursday
2023,Stabbing,Saturday
2023,Other,Wednesday
2023,Shooting,Monday
2023,Stabbing,Tuesday
2023,Shooting,Tuesday
2023,Stabbing,Saturday
2023,Shooting,Saturday
2023,Shooting,Saturday
2023,Shooting,Saturday
2023,Stabbing,Sunday
2023,Shooting,Sunday
2023,Stabbing,Thursday
2023,Stabbing,Sunday
2023,Shooting,Monday
2023,Shooting,Wednesday
2023,Stabbing,Friday
2023,Other,Wednesday
2023,Other,Saturday
2023,Stabbing,Saturday
2023,Shooting,Saturday
2023,Other,Sunday
2023,Other,Sunday
2023,Stabbing,Tuesday
2023,Shooting,Friday
2023,Shooting,Saturday
2023,Other,Tuesday
2023,Stabbing,Saturday
