year,homicide_type,Combined
2004,Other,"2004,Other"
2004,Shooting,"2004,Shooting"
2004,Shooting,"2004,Shooting"
2004,Shooting,"2004,Shooting"
2004,Shooting,"2004,Shooting"
2004,Stabbing,"2004,Stabbing"
2004,Stabbing,"2004,Stabbing"
2004,Shooting,"2004,Shooting"
2004,Other,"2004,Other"
2004,Shooting,"2004,Shooting"
2004,Shooting,"2004,Shooting"
2004,Shooting,"2004,Shooting"
2004,Shooting,"2004,Shooting"
2004,Stabbing,"2004,Stabbing"
2004,Other,"2004,Other"
2004,Other,"2004,Other"
2004,Other,"2004,Other"
2004,Shooting,"2004,Shooting"
2004,Shooting,"2004,Shooting"
2004,Shooting,"2004,Shooting"
2004,Stabbing,"2004,Stabbing"
2004,Other,"2004,Other"
2004,Other,"2004,Other"
2004,Shooting,"2004,Shooting"
2004,Shooting,"2004,Shooting"
2004,Other,"2004,Other"
2004,Other,"2004,Other"
2004,Shooting,"2004,Shooting"
2004,Stabbing,"2004,Stabbing"
2004,Shooting,"2004,Shooting"
2004,Shooting,"2004,Shooting"
2004,Stabbing,"2004,Stabbing"
2004,Stabbing,"2004,Stabbing"
2004,Stabbing,"2004,Stabbing"
2004,Stabbing,"2004,Stabbing"
2004,Other,"2004,Other"
2004,Shooting,"2004,Shooting"
2004,Other,"2004,Other"
2004,Shooting,"2004,Shooting"
2004,Other,"2004,Other"
2004,Stabbing,"2004,Stabbing"
2004,Stabbing,"2004,Stabbing"
2004,Shooting,"2004,Shooting"
2004,Other,"2004,Other"
2004,Stabbing,"2004,Stabbing"
2004,Shooting,"2004,Shooting"
2004,Shooting,"2004,Shooting"
2004,Other,"2004,Other"
2004,Other,"2004,Other"
2004,Shooting,"2004,Shooting"
2004,Other,"2004,Other"
2004,Other,"2004,Other"
2004,Other,"2004,Other"
2004,Stabbing,"2004,Stabbing"
2004,Stabbing,"2004,Stabbing"
2004,Other,"2004,Other"
2004,Stabbing,"2004,Stabbing"
2004,Stabbing,"2004,Stabbing"
2004,Stabbing,"2004,Stabbing"
2004,Stabbing,"2004,Stabbing"
2004,Shooting,"2004,Shooting"
2004,Shooting,"2004,Shooting"
2004,Shooting,"2004,Shooting"
2004,Stabbing,"2004,Stabbing"
2005,Stabbing,"2005,Stabbing"
2005,Stabbing,"2005,Stabbing"
2005,Shooting,"2005,Shooting"
2005,Shooting,"2005,Shooting"
2005,Other,"2005,Other"
2005,Other,"2005,Other"
2005,Shooting,"2005,Shooting"
2005,Other,"2005,Other"
2005,Shooting,"2005,Shooting"
2005,Shooting,"2005,Shooting"
2005,Shooting,"2005,Shooting"
2005,Other,"2005,Other"
2005,Shooting,"2005,Shooting"
2005,Shooting,"2005,Shooting"
2005,Stabbing,"2005,Stabbing"
2005,Shooting,"2005,Shooting"
2005,Shooting,"2005,Shooting"
2005,Shooting,"2005,Shooting"
2005,Other,"2005,Other"
2005,Shooting,"2005,Shooting"
2005,Stabbing,"2005,Stabbing"
2005,Shooting,"2005,Shooting"
2005,Stabbing,"2005,Stabbing"
2005,Shooting,"2005,Shooting"
2005,Shooting,"2005,Shooting"
2005,Shooting,"2005,Shooting"
2005,Shooting,"2005,Shooting"
2005,Stabbing,"2005,Stabbing"
2005,Shooting,"2005,Shooting"
2005,Shooting,"2005,Shooting"
2005,Stabbing,"2005,Stabbing"
2005,Shooting,"2005,Shooting"
2005,Shooting,"2005,Shooting"
2005,Other,"2005,Other"
2005,Other,"2005,Other"
2005,Shooting,"2005,Shooting"
2005,Other,"2005,Other"
2005,Shooting,"2005,Shooting"
2005,Shooting,"2005,Shooting"
2005,Shooting,"2005,Shooting"
2005,Shooting,"2005,Shooting"
2005,Shooting,"2005,Shooting"
2005,Shooting,"2005,Shooting"
2005,Shooting,"2005,Shooting"
2005,Shooting,"2005,Shooting"
2005,Shooting,"2005,Shooting"
2005,Shooting,"2005,Shooting"
2005,Other,"2005,Other"
2005,Other,"2005,Other"
2005,Shooting,"2005,Shooting"
2005,Shooting,"2005,Shooting"
2005,Other,"2005,Other"
2005,Stabbing,"2005,Stabbing"
2005,Shooting,"2005,Shooting"
2005,Shooting,"2005,Shooting"
2005,Shooting,"2005,Shooting"
2005,Shooting,"2005,Shooting"
2005,Shooting,"2005,Shooting"
2005,Shooting,"2005,Shooting"
2005,Shooting,"2005,Shooting"
2005,Shooting,"2005,Shooting"
2005,Stabbing,"2005,Stabbing"
2005,Other,"2005,Other"
2005,Stabbing,"2005,Stabbing"
2005,Shooting,"2005,Shooting"
2005,Shooting,"2005,Shooting"
2005,Shooting,"2005,Shooting"
2005,Shooting,"2005,Shooting"
2005,Other,"2005,Other"
2005,Other,"2005,Other"
2005,Shooting,"2005,Shooting"
2005,Stabbing,"2005,Stabbing"
2005,Shooting,"2005,Shooting"
2005,Shooting,"2005,Shooting"
2005,Stabbing,"2005,Stabbing"
2005,Shooting,"2005,Shooting"
2005,Shooting,"2005,Shooting"
2005,Other,"2005,Other"
2005,Shooting,"2005,Shooting"
2005,Shooting,"2005,Shooting"
2006,Shooting,"2006,Shooting"
2006,Other,"2006,Other"
2006,Shooting,"2006,Shooting"
2006,Stabbing,"2006,Stabbing"
2006,Stabbing,"2006,Stabbing"
2006,Stabbing,"2006,Stabbing"
2006,Stabbing,"2006,Stabbing"
2006,Other,"2006,Other"
2006,Other,"2006,Other"
2006,Shooting,"2006,Shooting"
2006,Shooting,"2006,Shooting"
2006,Shooting,"2006,Shooting"
2006,Shooting,"2006,Shooting"
2006,Shooting,"2006,Shooting"
2006,Other,"2006,Other"
2006,Stabbing,"2006,Stabbing"
2006,Stabbing,"2006,Stabbing"
2006,Shooting,"2006,Shooting"
2006,Stabbing,"2006,Stabbing"
2006,Stabbing,"2006,Stabbing"
2006,Stabbing,"2006,Stabbing"
2006,Other,"2006,Other"
2006,Other,"2006,Other"
2006,Shooting,"2006,Shooting"
2006,Other,"2006,Other"
2006,Stabbing,"2006,Stabbing"
2006,Shooting,"2006,Shooting"
2006,Shooting,"2006,Shooting"
2006,Stabbing,"2006,Stabbing"
2006,Stabbing,"2006,Stabbing"
2006,Shooting,"2006,Shooting"
2006,Other,"2006,Other"
2006,Shooting,"2006,Shooting"
2006,Shooting,"2006,Shooting"
2006,Shooting,"2006,Shooting"
2006,Shooting,"2006,Shooting"
2006,Shooting,"2006,Shooting"
2006,Shooting,"2006,Shooting"
2006,Shooting,"2006,Shooting"
2006,Stabbing,"2006,Stabbing"
2006,Stabbing,"2006,Stabbing"
2006,Shooting,"2006,Shooting"
2006,Other,"2006,Other"
2006,Other,"2006,Other"
2006,Stabbing,"2006,Stabbing"
2006,Stabbing,"2006,Stabbing"
2006,Shooting,"2006,Shooting"
2006,Stabbing,"2006,Stabbing"
2006,Shooting,"2006,Shooting"
2006,Other,"2006,Other"
2006,Other,"2006,Other"
2006,Other,"2006,Other"
2006,Shooting,"2006,Shooting"
2006,Other,"2006,Other"
2006,Shooting,"2006,Shooting"
2006,Stabbing,"2006,Stabbing"
2006,Other,"2006,Other"
2006,Stabbing,"2006,Stabbing"
2006,Other,"2006,Other"
2006,Shooting,"2006,Shooting"
2006,Stabbing,"2006,Stabbing"
2006,Stabbing,"2006,Stabbing"
2006,Shooting,"2006,Shooting"
2006,Other,"2006,Other"
2006,Shooting,"2006,Shooting"
2006,Other,"2006,Other"
2006,Other,"2006,Other"
2006,Shooting,"2006,Shooting"
2006,Stabbing,"2006,Stabbing"
2006,Shooting,"2006,Shooting"
2007,Shooting,"2007,Shooting"
2007,Other,"2007,Other"
2007,Shooting,"2007,Shooting"
2007,Shooting,"2007,Shooting"
2007,Stabbing,"2007,Stabbing"
2007,Shooting,"2007,Shooting"
2007,Other,"2007,Other"
2007,Stabbing,"2007,Stabbing"
2007,Stabbing,"2007,Stabbing"
2007,Stabbing,"2007,Stabbing"
2007,Shooting,"2007,Shooting"
2007,Shooting,"2007,Shooting"
2007,Other,"2007,Other"
2007,Stabbing,"2007,Stabbing"
2007,Shooting,"2007,Shooting"
2007,Shooting,"2007,Shooting"
2007,Other,"2007,Other"
2007,Stabbing,"2007,Stabbing"
2007,Shooting,"2007,Shooting"
2007,Stabbing,"2007,Stabbing"
2007,Shooting,"2007,Shooting"
2007,Stabbing,"2007,Stabbing"
2007,Other,"2007,Other"
2007,Other,"2007,Other"
2007,Shooting,"2007,Shooting"
2007,Other,"2007,Other"
2007,Shooting,"2007,Shooting"
2007,Shooting,"2007,Shooting"
2007,Shooting,"2007,Shooting"
2007,Shooting,"2007,Shooting"
2007,Other,"2007,Other"
2007,Other,"2007,Other"
2007,Stabbing,"2007,Stabbing"
2007,Shooting,"2007,Shooting"
2007,Other,"2007,Other"
2007,Stabbing,"2007,Stabbing"
2007,Stabbing,"2007,Stabbing"
2007,Stabbing,"2007,Stabbing"
2007,Shooting,"2007,Shooting"
2007,Shooting,"2007,Shooting"
2007,Shooting,"2007,Shooting"
2007,Stabbing,"2007,Stabbing"
2007,Stabbing,"2007,Stabbing"
2007,Shooting,"2007,Shooting"
2007,Shooting,"2007,Shooting"
2007,Shooting,"2007,Shooting"
2007,Shooting,"2007,Shooting"
2007,Shooting,"2007,Shooting"
2007,Other,"2007,Other"
2007,Stabbing,"2007,Stabbing"
2007,Shooting,"2007,Shooting"
2007,Shooting,"2007,Shooting"
2007,Stabbing,"2007,Stabbing"
2007,Shooting,"2007,Shooting"
2007,Other,"2007,Other"
2007,Stabbing,"2007,Stabbing"
2007,Shooting,"2007,Shooting"
2007,Other,"2007,Other"
2007,Other,"2007,Other"
2007,Other,"2007,Other"
2007,Stabbing,"2007,Stabbing"
2007,Other,"2007,Other"
2007,Shooting,"2007,Shooting"
2007,Other,"2007,Other"
2007,Shooting,"2007,Shooting"
2007,Stabbing,"2007,Stabbing"
2007,Shooting,"2007,Shooting"
2007,Shooting,"2007,Shooting"
2007,Shooting,"2007,Shooting"
2007,Shooting,"2007,Shooting"
2007,Other,"2007,Other"
2007,Shooting,"2007,Shooting"
2007,Shooting,"2007,Shooting"
2007,Stabbing,"2007,Stabbing"
2007,Shooting,"2007,Shooting"
2007,Shooting,"2007,Shooting"
2007,Shooting,"2007,Shooting"
2007,Stabbing,"2007,Stabbing"
2007,Shooting,"2007,Shooting"
2007,Shooting,"2007,Shooting"
2007,Stabbing,"2007,Stabbing"
2007,Shooting,"2007,Shooting"
2007,Shooting,"2007,Shooting"
2007,Shooting,"2007,Shooting"
2007,Stabbing,"2007,Stabbing"
2007,Stabbing,"2007,Stabbing"
2008,Stabbing,"2008,Stabbing"
2008,Shooting,"2008,Shooting"
2008,Shooting,"2008,Shooting"
2008,Shooting,"2008,Shooting"
2008,Shooting,"2008,Shooting"
2008,Shooting,"2008,Shooting"
2008,Shooting,"2008,Shooting"
2008,Shooting,"2008,Shooting"
2008,Other,"2008,Other"
2008,Shooting,"2008,Shooting"
2008,Other,"2008,Other"
2008,Shooting,"2008,Shooting"
2008,Stabbing,"2008,Stabbing"
2008,Shooting,"2008,Shooting"
2008,Stabbing,"2008,Stabbing"
2008,Stabbing,"2008,Stabbing"
2008,Other,"2008,Other"
2008,Stabbing,"2008,Stabbing"
2008,Other,"2008,Other"
2008,Stabbing,"2008,Stabbing"
2008,Shooting,"2008,Shooting"
2008,Shooting,"2008,Shooting"
2008,Other,"2008,Other"
2008,Shooting,"2008,Shooting"
2008,Shooting,"2008,Shooting"
2008,Shooting,"2008,Shooting"
2008,Shooting,"2008,Shooting"
2008,Other,"2008,Other"
2008,Other,"2008,Other"
2008,Shooting,"2008,Shooting"
2008,Stabbing,"2008,Stabbing"
2008,Shooting,"2008,Shooting"
2008,Shooting,"2008,Shooting"
2008,Shooting,"2008,Shooting"
2008,Shooting,"2008,Shooting"
2008,Shooting,"2008,Shooting"
2008,Shooting,"2008,Shooting"
2008,Shooting,"2008,Shooting"
2008,Stabbing,"2008,Stabbing"
2008,Other,"2008,Other"
2008,Stabbing,"2008,Stabbing"
2008,Shooting,"2008,Shooting"
2008,Other,"2008,Other"
2008,Shooting,"2008,Shooting"
2008,Shooting,"2008,Shooting"
2008,Other,"2008,Other"
2008,Stabbing,"2008,Stabbing"
2008,Shooting,"2008,Shooting"
2008,Stabbing,"2008,Stabbing"
2008,Shooting,"2008,Shooting"
2008,Stabbing,"2008,Stabbing"
2008,Shooting,"2008,Shooting"
2008,Shooting,"2008,Shooting"
2008,Other,"2008,Other"
2008,Shooting,"2008,Shooting"
2008,Shooting,"2008,Shooting"
2008,Other,"2008,Other"
2008,Stabbing,"2008,Stabbing"
2008,Stabbing,"2008,Stabbing"
2008,Shooting,"2008,Shooting"
2008,Shooting,"2008,Shooting"
2008,Shooting,"2008,Shooting"
2008,Stabbing,"2008,Stabbing"
2008,Stabbing,"2008,Stabbing"
2008,Stabbing,"2008,Stabbing"
2008,Other,"2008,Other"
2008,Shooting,"2008,Shooting"
2008,Stabbing,"2008,Stabbing"
2008,Stabbing,"2008,Stabbing"
2008,Other,"2008,Other"
2009,Shooting,"2009,Shooting"
2009,Shooting,"2009,Shooting"
2009,Other,"2009,Other"
2009,Stabbing,"2009,Stabbing"
2009,Shooting,"2009,Shooting"
2009,Shooting,"2009,Shooting"
2009,Shooting,"2009,Shooting"
2009,Shooting,"2009,Shooting"
2009,Shooting,"2009,Shooting"
2009,Shooting,"2009,Shooting"
2009,Stabbing,"2009,Stabbing"
2009,Stabbing,"2009,Stabbing"
2009,Stabbing,"2009,Stabbing"
2009,Shooting,"2009,Shooting"
2009,Shooting,"2009,Shooting"
2009,Shooting,"2009,Shooting"
2009,Stabbing,"2009,Stabbing"
2009,Other,"2009,Other"
2009,Shooting,"2009,Shooting"
2009,Stabbing,"2009,Stabbing"
2009,Stabbing,"2009,Stabbing"
2009,Other,"2009,Other"
2009,Stabbing,"2009,Stabbing"
2009,Other,"2009,Other"
2009,Stabbing,"2009,Stabbing"
2009,Stabbing,"2009,Stabbing"
2009,Other,"2009,Other"
2009,Other,"2009,Other"
2009,Shooting,"2009,Shooting"
2009,Stabbing,"2009,Stabbing"
2009,Shooting,"2009,Shooting"
2009,Shooting,"2009,Shooting"
2009,Shooting,"2009,Shooting"
2009,Shooting,"2009,Shooting"
2009,Shooting,"2009,Shooting"
2009,Shooting,"2009,Shooting"
2009,Shooting,"2009,Shooting"
2009,Shooting,"2009,Shooting"
2009,Shooting,"2009,Shooting"
2009,Shooting,"2009,Shooting"
2009,Other,"2009,Other"
2009,Shooting,"2009,Shooting"
2009,Other,"2009,Other"
2009,Shooting,"2009,Shooting"
2009,Shooting,"2009,Shooting"
2009,Shooting,"2009,Shooting"
2009,Shooting,"2009,Shooting"
2009,Stabbing,"2009,Stabbing"
2009,Other,"2009,Other"
2009,Stabbing,"2009,Stabbing"
2009,Shooting,"2009,Shooting"
2009,Shooting,"2009,Shooting"
2009,Shooting,"2009,Shooting"
2009,Shooting,"2009,Shooting"
2009,Shooting,"2009,Shooting"
2009,Other,"2009,Other"
2009,Shooting,"2009,Shooting"
2009,Shooting,"2009,Shooting"
2009,Shooting,"2009,Shooting"
2009,Stabbing,"2009,Stabbing"
2009,Other,"2009,Other"
2009,Shooting,"2009,Shooting"
2010,Other,"2010,Other"
2010,Shooting,"2010,Shooting"
2010,Other,"2010,Other"
2010,Stabbing,"2010,Stabbing"
2010,Stabbing,"2010,Stabbing"
2010,Shooting,"2010,Shooting"
2010,Shooting,"2010,Shooting"
2010,Other,"2010,Other"
2010,Other,"2010,Other"
2010,Shooting,"2010,Shooting"
2010,Other,"2010,Other"
2010,Other,"2010,Other"
2010,Other,"2010,Other"
2010,Shooting,"2010,Shooting"
2010,Other,"2010,Other"
2010,Stabbing,"2010,Stabbing"
2010,Shooting,"2010,Shooting"
2010,Other,"2010,Other"
2010,Other,"2010,Other"
2010,Stabbing,"2010,Stabbing"
2010,Other,"2010,Other"
2010,Stabbing,"2010,Stabbing"
2010,Other,"2010,Other"
2010,Stabbing,"2010,Stabbing"
2010,Stabbing,"2010,Stabbing"
2010,Shooting,"2010,Shooting"
2010,Stabbing,"2010,Stabbing"
2010,Shooting,"2010,Shooting"
2010,Other,"2010,Other"
2010,Shooting,"2010,Shooting"
2010,Shooting,"2010,Shooting"
2010,Stabbing,"2010,Stabbing"
2010,Shooting,"2010,Shooting"
2010,Shooting,"2010,Shooting"
2010,Shooting,"2010,Shooting"
2010,Stabbing,"2010,Stabbing"
2010,Other,"2010,Other"
2010,Shooting,"2010,Shooting"
2010,Shooting,"2010,Shooting"
2010,Shooting,"2010,Shooting"
2010,Stabbing,"2010,Stabbing"
2010,Other,"2010,Other"
2010,Other,"2010,Other"
2010,Shooting,"2010,Shooting"
2010,Shooting,"2010,Shooting"
2010,Other,"2010,Other"
2010,Stabbing,"2010,Stabbing"
2010,Shooting,"2010,Shooting"
2010,Shooting,"2010,Shooting"
2010,Shooting,"2010,Shooting"
2010,Shooting,"2010,Shooting"
2010,Shooting,"2010,Shooting"
2010,Shooting,"2010,Shooting"
2010,Shooting,"2010,Shooting"
2010,Shooting,"2010,Shooting"
2010,Stabbing,"2010,Stabbing"
2010,Shooting,"2010,Shooting"
2010,Shooting,"2010,Shooting"
2010,Shooting,"2010,Shooting"
2010,Shooting,"2010,Shooting"
2010,Other,"2010,Other"
2010,Shooting,"2010,Shooting"
2010,Other,"2010,Other"
2010,Shooting,"2010,Shooting"
2010,Other,"2010,Other"
2011,Stabbing,"2011,Stabbing"
2011,Shooting,"2011,Shooting"
2011,Other,"2011,Other"
2011,Other,"2011,Other"
2011,Other,"2011,Other"
2011,Other,"2011,Other"
2011,Shooting,"2011,Shooting"
2011,Stabbing,"2011,Stabbing"
2011,Shooting,"2011,Shooting"
2011,Shooting,"2011,Shooting"
2011,Shooting,"2011,Shooting"
2011,Other,"2011,Other"
2011,Shooting,"2011,Shooting"
2011,Shooting,"2011,Shooting"
2011,Other,"2011,Other"
2011,Shooting,"2011,Shooting"
2011,Other,"2011,Other"
2011,Shooting,"2011,Shooting"
2011,Shooting,"2011,Shooting"
2011,Other,"2011,Other"
2011,Other,"2011,Other"
2011,Shooting,"2011,Shooting"
2011,Shooting,"2011,Shooting"
2011,Shooting,"2011,Shooting"
2011,Shooting,"2011,Shooting"
2011,Stabbing,"2011,Stabbing"
2011,Stabbing,"2011,Stabbing"
2011,Other,"2011,Other"
2011,Shooting,"2011,Shooting"
2011,Shooting,"2011,Shooting"
2011,Stabbing,"2011,Stabbing"
2011,Shooting,"2011,Shooting"
2011,Shooting,"2011,Shooting"
2011,Shooting,"2011,Shooting"
2011,Other,"2011,Other"
2011,Shooting,"2011,Shooting"
2011,Shooting,"2011,Shooting"
2011,Other,"2011,Other"
2011,Shooting,"2011,Shooting"
2011,Shooting,"2011,Shooting"
2011,Shooting,"2011,Shooting"
2011,Other,"2011,Other"
2011,Shooting,"2011,Shooting"
2011,Shooting,"2011,Shooting"
2011,Shooting,"2011,Shooting"
2011,Stabbing,"2011,Stabbing"
2011,Other,"2011,Other"
2011,Stabbing,"2011,Stabbing"
2011,Other,"2011,Other"
2011,Shooting,"2011,Shooting"
2011,Stabbing,"2011,Stabbing"
2012,Stabbing,"2012,Stabbing"
2012,Shooting,"2012,Shooting"
2012,Other,"2012,Other"
2012,Shooting,"2012,Shooting"
2012,Shooting,"2012,Shooting"
2012,Shooting,"2012,Shooting"
2012,Shooting,"2012,Shooting"
2012,Shooting,"2012,Shooting"
2012,Other,"2012,Other"
2012,Other,"2012,Other"
2012,Stabbing,"2012,Stabbing"
2012,Shooting,"2012,Shooting"
2012,Stabbing,"2012,Stabbing"
2012,Other,"2012,Other"
2012,Shooting,"2012,Shooting"
2012,Other,"2012,Other"
2012,Shooting,"2012,Shooting"
2012,Shooting,"2012,Shooting"
2012,Other,"2012,Other"
2012,Shooting,"2012,Shooting"
2012,Shooting,"2012,Shooting"
2012,Shooting,"2012,Shooting"
2012,Shooting,"2012,Shooting"
2012,Shooting,"2012,Shooting"
2012,Shooting,"2012,Shooting"
2012,Other,"2012,Other"
2012,Other,"2012,Other"
2012,Shooting,"2012,Shooting"
2012,Shooting,"2012,Shooting"
2012,Shooting,"2012,Shooting"
2012,Shooting,"2012,Shooting"
2012,Shooting,"2012,Shooting"
2012,Other,"2012,Other"
2012,Shooting,"2012,Shooting"
2012,Other,"2012,Other"
2012,Other,"2012,Other"
2012,Shooting,"2012,Shooting"
2012,Shooting,"2012,Shooting"
2012,Other,"2012,Other"
2012,Shooting,"2012,Shooting"
2012,Shooting,"2012,Shooting"
2012,Shooting,"2012,Shooting"
2012,Shooting,"2012,Shooting"
2012,Other,"2012,Other"
2012,Other,"2012,Other"
2012,Stabbing,"2012,Stabbing"
2012,Shooting,"2012,Shooting"
2012,Stabbing,"2012,Stabbing"
2012,Shooting,"2012,Shooting"
2012,Shooting,"2012,Shooting"
2012,Shooting,"2012,Shooting"
2012,Other,"2012,Other"
2012,Other,"2012,Other"
2012,Stabbing,"2012,Stabbing"
2012,Shooting,"2012,Shooting"
2012,Shooting,"2012,Shooting"
2012,Stabbing,"2012,Stabbing"
2013,Stabbing,"2013,Stabbing"
2013,Shooting,"2013,Shooting"
2013,Other,"2013,Other"
2013,Other,"2013,Other"
2013,Other,"2013,Other"
2013,Other,"2013,Other"
2013,Other,"2013,Other"
2013,Shooting,"2013,Shooting"
2013,Shooting,"2013,Shooting"
2013,Shooting,"2013,Shooting"
2013,Shooting,"2013,Shooting"
2013,Stabbing,"2013,Stabbing"
2013,Other,"2013,Other"
2013,Other,"2013,Other"
2013,Shooting,"2013,Shooting"
2013,Shooting,"2013,Shooting"
2013,Shooting,"2013,Shooting"
2013,Other,"2013,Other"
2013,Shooting,"2013,Shooting"
2013,Stabbing,"2013,Stabbing"
2013,Other,"2013,Other"
2013,Stabbing,"2013,Stabbing"
2013,Other,"2013,Other"
2013,Shooting,"2013,Shooting"
2013,Other,"2013,Other"
2013,Shooting,"2013,Shooting"
2013,Other,"2013,Other"
2013,Shooting,"2013,Shooting"
2013,Stabbing,"2013,Stabbing"
2013,Other,"2013,Other"
2013,Other,"2013,Other"
2013,Other,"2013,Other"
2013,Other,"2013,Other"
2013,Stabbing,"2013,Stabbing"
2013,Stabbing,"2013,Stabbing"
2013,Stabbing,"2013,Stabbing"
2013,Shooting,"2013,Shooting"
2013,Shooting,"2013,Shooting"
2013,Shooting,"2013,Shooting"
2013,Shooting,"2013,Shooting"
2013,Shooting,"2013,Shooting"
2013,Shooting,"2013,Shooting"
2013,Stabbing,"2013,Stabbing"
2013,Stabbing,"2013,Stabbing"
2013,Shooting,"2013,Shooting"
2013,Stabbing,"2013,Stabbing"
2013,Shooting,"2013,Shooting"
2013,Stabbing,"2013,Stabbing"
2013,Stabbing,"2013,Stabbing"
2013,Other,"2013,Other"
2013,Other,"2013,Other"
2013,Other,"2013,Other"
2013,Shooting,"2013,Shooting"
2013,Shooting,"2013,Shooting"
2013,Stabbing,"2013,Stabbing"
2013,Other,"2013,Other"
2013,Other,"2013,Other"
2014,Other,"2014,Other"
2014,Other,"2014,Other"
2014,Shooting,"2014,Shooting"
2014,Other,"2014,Other"
2014,Other,"2014,Other"
2014,Stabbing,"2014,Stabbing"
2014,Other,"2014,Other"
2014,Shooting,"2014,Shooting"
2014,Shooting,"2014,Shooting"
2014,Stabbing,"2014,Stabbing"
2014,Shooting,"2014,Shooting"
2014,Stabbing,"2014,Stabbing"
2014,Other,"2014,Other"
2014,Stabbing,"2014,Stabbing"
2014,Stabbing,"2014,Stabbing"
2014,Shooting,"2014,Shooting"
2014,Shooting,"2014,Shooting"
2014,Shooting,"2014,Shooting"
2014,Shooting,"2014,Shooting"
2014,Shooting,"2014,Shooting"
2014,Shooting,"2014,Shooting"
2014,Shooting,"2014,Shooting"
2014,Other,"2014,Other"
2014,Shooting,"2014,Shooting"
2014,Shooting,"2014,Shooting"
2014,Other,"2014,Other"
2014,Stabbing,"2014,Stabbing"
2014,Shooting,"2014,Shooting"
2014,Shooting,"2014,Shooting"
2014,Other,"2014,Other"
2014,Other,"2014,Other"
2014,Stabbing,"2014,Stabbing"
2014,Shooting,"2014,Shooting"
2014,Shooting,"2014,Shooting"
2014,Other,"2014,Other"
2014,Shooting,"2014,Shooting"
2014,Other,"2014,Other"
2014,Shooting,"2014,Shooting"
2014,Stabbing,"2014,Stabbing"
2014,Stabbing,"2014,Stabbing"
2014,Shooting,"2014,Shooting"
2014,Stabbing,"2014,Stabbing"
2014,Shooting,"2014,Shooting"
2014,Shooting,"2014,Shooting"
2014,Shooting,"2014,Shooting"
2014,Shooting,"2014,Shooting"
2014,Other,"2014,Other"
2014,Other,"2014,Other"
2014,Shooting,"2014,Shooting"
2014,Shooting,"2014,Shooting"
2014,Shooting,"2014,Shooting"
2014,Stabbing,"2014,Stabbing"
2014,Stabbing,"2014,Stabbing"
2014,Stabbing,"2014,Stabbing"
2014,Stabbing,"2014,Stabbing"
2014,Stabbing,"2014,Stabbing"
2014,Stabbing,"2014,Stabbing"
2014,Other,"2014,Other"
2015,Stabbing,"2015,Stabbing"
2015,Other,"2015,Other"
2015,Stabbing,"2015,Stabbing"
2015,Shooting,"2015,Shooting"
2015,Shooting,"2015,Shooting"
2015,Other,"2015,Other"
2015,Shooting,"2015,Shooting"
2015,Shooting,"2015,Shooting"
2015,Shooting,"2015,Shooting"
2015,Other,"2015,Other"
2015,Stabbing,"2015,Stabbing"
2015,Shooting,"2015,Shooting"
2015,Other,"2015,Other"
2015,Other,"2015,Other"
2015,Stabbing,"2015,Stabbing"
2015,Stabbing,"2015,Stabbing"
2015,Other,"2015,Other"
2015,Shooting,"2015,Shooting"
2015,Shooting,"2015,Shooting"
2015,Stabbing,"2015,Stabbing"
2015,Stabbing,"2015,Stabbing"
2015,Shooting,"2015,Shooting"
2015,Stabbing,"2015,Stabbing"
2015,Other,"2015,Other"
2015,Shooting,"2015,Shooting"
2015,Shooting,"2015,Shooting"
2015,Shooting,"2015,Shooting"
2015,Other,"2015,Other"
2015,Stabbing,"2015,Stabbing"
2015,Stabbing,"2015,Stabbing"
2015,Shooting,"2015,Shooting"
2015,Shooting,"2015,Shooting"
2015,Stabbing,"2015,Stabbing"
2015,Shooting,"2015,Shooting"
2015,Shooting,"2015,Shooting"
2015,Shooting,"2015,Shooting"
2015,Stabbing,"2015,Stabbing"
2015,Stabbing,"2015,Stabbing"
2015,Stabbing,"2015,Stabbing"
2015,Shooting,"2015,Shooting"
2015,Other,"2015,Other"
2015,Shooting,"2015,Shooting"
2015,Shooting,"2015,Shooting"
2015,Shooting,"2015,Shooting"
2015,Other,"2015,Other"
2015,Other,"2015,Other"
2015,Stabbing,"2015,Stabbing"
2015,Stabbing,"2015,Stabbing"
2015,Shooting,"2015,Shooting"
2015,Other,"2015,Other"
2015,Shooting,"2015,Shooting"
2015,Stabbing,"2015,Stabbing"
2015,Shooting,"2015,Shooting"
2015,Shooting,"2015,Shooting"
2015,Other,"2015,Other"
2015,Shooting,"2015,Shooting"
2015,Stabbing,"2015,Stabbing"
2015,Other,"2015,Other"
2015,Other,"2015,Other"
2016,Shooting,"2016,Shooting"
2016,Other,"2016,Other"
2016,Shooting,"2016,Shooting"
2016,Shooting,"2016,Shooting"
2016,Shooting,"2016,Shooting"
2016,Shooting,"2016,Shooting"
2016,Shooting,"2016,Shooting"
2016,Other,"2016,Other"
2016,Shooting,"2016,Shooting"
2016,Shooting,"2016,Shooting"
2016,Stabbing,"2016,Stabbing"
2016,Other,"2016,Other"
2016,Other,"2016,Other"
2016,Other,"2016,Other"
2016,Other,"2016,Other"
2016,Other,"2016,Other"
2016,Stabbing,"2016,Stabbing"
2016,Other,"2016,Other"
2016,Stabbing,"2016,Stabbing"
2016,Shooting,"2016,Shooting"
2016,Shooting,"2016,Shooting"
2016,Other,"2016,Other"
2016,Shooting,"2016,Shooting"
2016,Other,"2016,Other"
2016,Shooting,"2016,Shooting"
2016,Shooting,"2016,Shooting"
2016,Other,"2016,Other"
2016,Shooting,"2016,Shooting"
2016,Shooting,"2016,Shooting"
2016,Shooting,"2016,Shooting"
2016,Other,"2016,Other"
2016,Other,"2016,Other"
2016,Other,"2016,Other"
2016,Shooting,"2016,Shooting"
2016,Shooting,"2016,Shooting"
2016,Shooting,"2016,Shooting"
2016,Shooting,"2016,Shooting"
2016,Other,"2016,Other"
2016,Shooting,"2016,Shooting"
2016,Shooting,"2016,Shooting"
2016,Shooting,"2016,Shooting"
2016,Shooting,"2016,Shooting"
2016,Other,"2016,Other"
2016,Shooting,"2016,Shooting"
2016,Other,"2016,Other"
2016,Shooting,"2016,Shooting"
2016,Stabbing,"2016,Stabbing"
2016,Other,"2016,Other"
2016,Other,"2016,Other"
2016,Shooting,"2016,Shooting"
2016,Other,"2016,Other"
2016,Other,"2016,Other"
2016,Other,"2016,Other"
2016,Shooting,"2016,Shooting"
2016,Shooting,"2016,Shooting"
2016,Stabbing,"2016,Stabbing"
2016,Other,"2016,Other"
2016,Stabbing,"2016,Stabbing"
2016,Shooting,"2016,Shooting"
2016,Shooting,"2016,Shooting"
2016,Shooting,"2016,Shooting"
2016,Shooting,"2016,Shooting"
2016,Shooting,"2016,Shooting"
2016,Other,"2016,Other"
2016,Shooting,"2016,Shooting"
2016,Shooting,"2016,Shooting"
2016,Shooting,"2016,Shooting"
2016,Other,"2016,Other"
2016,Stabbing,"2016,Stabbing"
2016,Shooting,"2016,Shooting"
2016,Shooting,"2016,Shooting"
2016,Stabbing,"2016,Stabbing"
2016,Shooting,"2016,Shooting"
2016,Shooting,"2016,Shooting"
2016,Stabbing,"2016,Stabbing"
2017,Shooting,"2017,Shooting"
2017,Shooting,"2017,Shooting"
2017,Other,"2017,Other"
2017,Shooting,"2017,Shooting"
2017,Shooting,"2017,Shooting"
2017,Shooting,"2017,Shooting"
2017,Shooting,"2017,Shooting"
2017,Other,"2017,Other"
2017,Shooting,"2017,Shooting"
2017,Other,"2017,Other"
2017,Shooting,"2017,Shooting"
2017,Other,"2017,Other"
2017,Shooting,"2017,Shooting"
2017,Shooting,"2017,Shooting"
2017,Shooting,"2017,Shooting"
2017,Shooting,"2017,Shooting"
2017,Shooting,"2017,Shooting"
2017,Shooting,"2017,Shooting"
2017,Shooting,"2017,Shooting"
2017,Other,"2017,Other"
2017,Other,"2017,Other"
2017,Shooting,"2017,Shooting"
2017,Stabbing,"2017,Stabbing"
2017,Shooting,"2017,Shooting"
2017,Shooting,"2017,Shooting"
2017,Shooting,"2017,Shooting"
2017,Shooting,"2017,Shooting"
2017,Shooting,"2017,Shooting"
2017,Shooting,"2017,Shooting"
2017,Stabbing,"2017,Stabbing"
2017,Shooting,"2017,Shooting"
2017,Stabbing,"2017,Stabbing"
2017,Shooting,"2017,Shooting"
2017,Stabbing,"2017,Stabbing"
2017,Shooting,"2017,Shooting"
2017,Shooting,"2017,Shooting"
2017,Stabbing,"2017,Stabbing"
2017,Stabbing,"2017,Stabbing"
2017,Stabbing,"2017,Stabbing"
2017,Shooting,"2017,Shooting"
2017,Shooting,"2017,Shooting"
2017,Shooting,"2017,Shooting"
2017,Shooting,"2017,Shooting"
2017,Shooting,"2017,Shooting"
2017,Shooting,"2017,Shooting"
2017,Other,"2017,Other"
2017,Shooting,"2017,Shooting"
2017,Stabbing,"2017,Stabbing"
2017,Shooting,"2017,Shooting"
2017,Other,"2017,Other"
2017,Shooting,"2017,Shooting"
2017,Stabbing,"2017,Stabbing"
2017,Stabbing,"2017,Stabbing"
2017,Shooting,"2017,Shooting"
2017,Stabbing,"2017,Stabbing"
2017,Shooting,"2017,Shooting"
2017,Other,"2017,Other"
2017,Shooting,"2017,Shooting"
2017,Other,"2017,Other"
2017,Other,"2017,Other"
2017,Other,"2017,Other"
2017,Other,"2017,Other"
2017,Shooting,"2017,Shooting"
2017,Other,"2017,Other"
2017,Other,"2017,Other"
2018,Other,"2018,Other"
2018,Shooting,"2018,Shooting"
2018,Shooting,"2018,Shooting"
2018,Shooting,"2018,Shooting"
2018,Stabbing,"2018,Stabbing"
2018,Shooting,"2018,Shooting"
2018,Shooting,"2018,Shooting"
2018,Other,"2018,Other"
2018,Shooting,"2018,Shooting"
2018,Stabbing,"2018,Stabbing"
2018,Shooting,"2018,Shooting"
2018,Shooting,"2018,Shooting"
2018,Shooting,"2018,Shooting"
2018,Shooting,"2018,Shooting"
2018,Shooting,"2018,Shooting"
2018,Other,"2018,Other"
2018,Stabbing,"2018,Stabbing"
2018,Stabbing,"2018,Stabbing"
2018,Other,"2018,Other"
2018,Other,"2018,Other"
2018,Other,"2018,Other"
2018,Other,"2018,Other"
2018,Other,"2018,Other"
2018,Other,"2018,Other"
2018,Other,"2018,Other"
2018,Other,"2018,Other"
2018,Other,"2018,Other"
2018,Other,"2018,Other"
2018,Other,"2018,Other"
2018,Stabbing,"2018,Stabbing"
2018,Shooting,"2018,Shooting"
2018,Shooting,"2018,Shooting"
2018,Shooting,"2018,Shooting"
2018,Stabbing,"2018,Stabbing"
2018,Stabbing,"2018,Stabbing"
2018,Other,"2018,Other"
2018,Shooting,"2018,Shooting"
2018,Shooting,"2018,Shooting"
2018,Shooting,"2018,Shooting"
2018,Shooting,"2018,Shooting"
2018,Stabbing,"2018,Stabbing"
2018,Other,"2018,Other"
2018,Other,"2018,Other"
2018,Stabbing,"2018,Stabbing"
2018,Other,"2018,Other"
2018,Stabbing,"2018,Stabbing"
2018,Shooting,"2018,Shooting"
2018,Shooting,"2018,Shooting"
2018,Shooting,"2018,Shooting"
2018,Shooting,"2018,Shooting"
2018,Shooting,"2018,Shooting"
2018,Shooting,"2018,Shooting"
2018,Stabbing,"2018,Stabbing"
2018,Shooting,"2018,Shooting"
2018,Other,"2018,Other"
2018,Shooting,"2018,Shooting"
2018,Shooting,"2018,Shooting"
2018,Stabbing,"2018,Stabbing"
2018,Shooting,"2018,Shooting"
2018,Shooting,"2018,Shooting"
2018,Shooting,"2018,Shooting"
2018,Other,"2018,Other"
2018,Shooting,"2018,Shooting"
2018,Stabbing,"2018,Stabbing"
2018,Stabbing,"2018,Stabbing"
2018,Stabbing,"2018,Stabbing"
2018,Shooting,"2018,Shooting"
2018,Shooting,"2018,Shooting"
2018,Shooting,"2018,Shooting"
2018,Other,"2018,Other"
2018,Stabbing,"2018,Stabbing"
2018,Other,"2018,Other"
2018,Shooting,"2018,Shooting"
2018,Shooting,"2018,Shooting"
2018,Shooting,"2018,Shooting"
2018,Shooting,"2018,Shooting"
2018,Other,"2018,Other"
2018,Stabbing,"2018,Stabbing"
2018,Shooting,"2018,Shooting"
2018,Shooting,"2018,Shooting"
2018,Stabbing,"2018,Stabbing"
2018,Shooting,"2018,Shooting"
2018,Shooting,"2018,Shooting"
2018,Shooting,"2018,Shooting"
2018,Shooting,"2018,Shooting"
2018,Other,"2018,Other"
2018,Shooting,"2018,Shooting"
2018,Other,"2018,Other"
2018,Other,"2018,Other"
2018,Stabbing,"2018,Stabbing"
2018,Shooting,"2018,Shooting"
2018,Other,"2018,Other"
2018,Shooting,"2018,Shooting"
2018,Stabbing,"2018,Stabbing"
2018,Shooting,"2018,Shooting"
2018,Shooting,"2018,Shooting"
2018,Shooting,"2018,Shooting"
2018,Shooting,"2018,Shooting"
2019,Stabbing,"2019,Stabbing"
2019,Stabbing,"2019,Stabbing"
2019,Shooting,"2019,Shooting"
2019,Shooting,"2019,Shooting"
2019,Stabbing,"2019,Stabbing"
2019,Shooting,"2019,Shooting"
2019,Shooting,"2019,Shooting"
2019,Shooting,"2019,Shooting"
2019,Shooting,"2019,Shooting"
2019,Shooting,"2019,Shooting"
2019,Other,"2019,Other"
2019,Shooting,"2019,Shooting"
2019,Shooting,"2019,Shooting"
2019,Other,"2019,Other"
2019,Other,"2019,Other"
2019,Shooting,"2019,Shooting"
2019,Other,"2019,Other"
2019,Stabbing,"2019,Stabbing"
2019,Stabbing,"2019,Stabbing"
2019,Shooting,"2019,Shooting"
2019,Shooting,"2019,Shooting"
2019,Other,"2019,Other"
2019,Shooting,"2019,Shooting"
2019,Shooting,"2019,Shooting"
2019,Stabbing,"2019,Stabbing"
2019,Other,"2019,Other"
2019,Other,"2019,Other"
2019,Stabbing,"2019,Stabbing"
2019,Shooting,"2019,Shooting"
2019,Stabbing,"2019,Stabbing"
2019,Shooting,"2019,Shooting"
2019,Shooting,"2019,Shooting"
2019,Shooting,"2019,Shooting"
2019,Other,"2019,Other"
2019,Other,"2019,Other"
2019,Shooting,"2019,Shooting"
2019,Stabbing,"2019,Stabbing"
2019,Shooting,"2019,Shooting"
2019,Shooting,"2019,Shooting"
2019,Shooting,"2019,Shooting"
2019,Shooting,"2019,Shooting"
2019,Shooting,"2019,Shooting"
2019,Other,"2019,Other"
2019,Other,"2019,Other"
2019,Stabbing,"2019,Stabbing"
2019,Shooting,"2019,Shooting"
2019,Shooting,"2019,Shooting"
2019,Other,"2019,Other"
2019,Shooting,"2019,Shooting"
2019,Other,"2019,Other"
2019,Shooting,"2019,Shooting"
2019,Shooting,"2019,Shooting"
2019,Shooting,"2019,Shooting"
2019,Stabbing,"2019,Stabbing"
2019,Other,"2019,Other"
2019,Shooting,"2019,Shooting"
2019,Shooting,"2019,Shooting"
2019,Shooting,"2019,Shooting"
2019,Other,"2019,Other"
2019,Stabbing,"2019,Stabbing"
2019,Shooting,"2019,Shooting"
2019,Shooting,"2019,Shooting"
2019,Shooting,"2019,Shooting"
2019,Shooting,"2019,Shooting"
2019,Shooting,"2019,Shooting"
2019,Shooting,"2019,Shooting"
2019,Stabbing,"2019,Stabbing"
2019,Shooting,"2019,Shooting"
2019,Other,"2019,Other"
2019,Other,"2019,Other"
2019,Shooting,"2019,Shooting"
2019,Stabbing,"2019,Stabbing"
2019,Other,"2019,Other"
2019,Stabbing,"2019,Stabbing"
2019,Other,"2019,Other"
2019,Stabbing,"2019,Stabbing"
2019,Shooting,"2019,Shooting"
2019,Shooting,"2019,Shooting"
2019,Shooting,"2019,Shooting"
2020,Shooting,"2020,Shooting"
2020,Shooting,"2020,Shooting"
2020,Stabbing,"2020,Stabbing"
2020,Shooting,"2020,Shooting"
2020,Other,"2020,Other"
2020,Shooting,"2020,Shooting"
2020,Shooting,"2020,Shooting"
2020,Shooting,"2020,Shooting"
2020,Shooting,"2020,Shooting"
2020,Shooting,"2020,Shooting"
2020,Other,"2020,Other"
2020,Stabbing,"2020,Stabbing"
2020,Other,"2020,Other"
2020,Shooting,"2020,Shooting"
2020,Stabbing,"2020,Stabbing"
2020,Shooting,"2020,Shooting"
2020,Shooting,"2020,Shooting"
2020,Other,"2020,Other"
2020,Shooting,"2020,Shooting"
2020,Other,"2020,Other"
2020,Shooting,"2020,Shooting"
2020,Other,"2020,Other"
2020,Other,"2020,Other"
2020,Shooting,"2020,Shooting"
2020,Shooting,"2020,Shooting"
2020,Other,"2020,Other"
2020,Shooting,"2020,Shooting"
2020,Shooting,"2020,Shooting"
2020,Other,"2020,Other"
2020,Shooting,"2020,Shooting"
2020,Shooting,"2020,Shooting"
2020,Shooting,"2020,Shooting"
2020,Shooting,"2020,Shooting"
2020,Stabbing,"2020,Stabbing"
2020,Shooting,"2020,Shooting"
2020,Other,"2020,Other"
2020,Shooting,"2020,Shooting"
2020,Shooting,"2020,Shooting"
2020,Other,"2020,Other"
2020,Stabbing,"2020,Stabbing"
2020,Stabbing,"2020,Stabbing"
2020,Shooting,"2020,Shooting"
2020,Shooting,"2020,Shooting"
2020,Stabbing,"2020,Stabbing"
2020,Stabbing,"2020,Stabbing"
2020,Stabbing,"2020,Stabbing"
2020,Shooting,"2020,Shooting"
2020,Stabbing,"2020,Stabbing"
2020,Shooting,"2020,Shooting"
2020,Stabbing,"2020,Stabbing"
2020,Stabbing,"2020,Stabbing"
2020,Stabbing,"2020,Stabbing"
2020,Shooting,"2020,Shooting"
2020,Shooting,"2020,Shooting"
2020,Shooting,"2020,Shooting"
2020,Shooting,"2020,Shooting"
2020,Other,"2020,Other"
2020,Shooting,"2020,Shooting"
2020,Shooting,"2020,Shooting"
2020,Shooting,"2020,Shooting"
2020,Shooting,"2020,Shooting"
2020,Shooting,"2020,Shooting"
2020,Stabbing,"2020,Stabbing"
2020,Stabbing,"2020,Stabbing"
2020,Stabbing,"2020,Stabbing"
2020,Shooting,"2020,Shooting"
2020,Other,"2020,Other"
2020,Stabbing,"2020,Stabbing"
2020,Other,"2020,Other"
2020,Other,"2020,Other"
2020,Stabbing,"2020,Stabbing"
2021,Stabbing,"2021,Stabbing"
2021,Shooting,"2021,Shooting"
2021,Shooting,"2021,Shooting"
2021,Other,"2021,Other"
2021,Shooting,"2021,Shooting"
2021,Shooting,"2021,Shooting"
2021,Shooting,"2021,Shooting"
2021,Shooting,"2021,Shooting"
2021,Shooting,"2021,Shooting"
2021,Shooting,"2021,Shooting"
2021,Shooting,"2021,Shooting"
2021,Other,"2021,Other"
2021,Other,"2021,Other"
2021,Stabbing,"2021,Stabbing"
2021,Other,"2021,Other"
2021,Stabbing,"2021,Stabbing"
2021,Other,"2021,Other"
2021,Shooting,"2021,Shooting"
2021,Stabbing,"2021,Stabbing"
2021,Stabbing,"2021,Stabbing"
2021,Stabbing,"2021,Stabbing"
2021,Stabbing,"2021,Stabbing"
2021,Shooting,"2021,Shooting"
2021,Shooting,"2021,Shooting"
2021,Other,"2021,Other"
2021,Other,"2021,Other"
2021,Other,"2021,Other"
2021,Shooting,"2021,Shooting"
2021,Shooting,"2021,Shooting"
2021,Shooting,"2021,Shooting"
2021,Other,"2021,Other"
2021,Shooting,"2021,Shooting"
2021,Shooting,"2021,Shooting"
2021,Other,"2021,Other"
2021,Shooting,"2021,Shooting"
2021,Other,"2021,Other"
2021,Shooting,"2021,Shooting"
2021,Shooting,"2021,Shooting"
2021,Other,"2021,Other"
2021,Other,"2021,Other"
2021,Other,"2021,Other"
2021,Other,"2021,Other"
2021,Shooting,"2021,Shooting"
2021,Stabbing,"2021,Stabbing"
2021,Stabbing,"2021,Stabbing"
2021,Stabbing,"2021,Stabbing"
2021,Other,"2021,Other"
2021,Shooting,"2021,Shooting"
2021,Shooting,"2021,Shooting"
2021,Other,"2021,Other"
2021,Shooting,"2021,Shooting"
2021,Other,"2021,Other"
2021,Shooting,"2021,Shooting"
2021,Shooting,"2021,Shooting"
2021,Stabbing,"2021,Stabbing"
2021,Shooting,"2021,Shooting"
2021,Other,"2021,Other"
2021,Other,"2021,Other"
2021,Other,"2021,Other"
2021,Shooting,"2021,Shooting"
2021,Shooting,"2021,Shooting"
2021,Shooting,"2021,Shooting"
2021,Shooting,"2021,Shooting"
2021,Stabbing,"2021,Stabbing"
2021,Stabbing,"2021,Stabbing"
2021,Shooting,"2021,Shooting"
2021,Shooting,"2021,Shooting"
2021,Shooting,"2021,Shooting"
2021,Shooting,"2021,Shooting"
2021,Shooting,"2021,Shooting"
2021,Shooting,"2021,Shooting"
2021,Shooting,"2021,Shooting"
2021,Shooting,"2021,Shooting"
2021,Shooting,"2021,Shooting"
2021,Other,"2021,Other"
2021,Other,"2021,Other"
2021,Stabbing,"2021,Stabbing"
2021,Shooting,"2021,Shooting"
2021,Shooting,"2021,Shooting"
2021,Stabbing,"2021,Stabbing"
2021,Shooting,"2021,Shooting"
2021,Shooting,"2021,Shooting"
2021,Shooting,"2021,Shooting"
2021,Shooting,"2021,Shooting"
2021,Stabbing,"2021,Stabbing"
2022,Shooting,"2022,Shooting"
2022,Shooting,"2022,Shooting"
2022,Shooting,"2022,Shooting"
2022,Stabbing,"2022,Stabbing"
2022,Shooting,"2022,Shooting"
2022,Shooting,"2022,Shooting"
2022,Shooting,"2022,Shooting"
2022,Shooting,"2022,Shooting"
2022,Shooting,"2022,Shooting"
2022,Shooting,"2022,Shooting"
2022,Other,"2022,Other"
2022,Shooting,"2022,Shooting"
2022,Shooting,"2022,Shooting"
2022,Shooting,"2022,Shooting"
2022,Shooting,"2022,Shooting"
2022,Other,"2022,Other"
2022,Other,"2022,Other"
2022,Stabbing,"2022,Stabbing"
2022,Stabbing,"2022,Stabbing"
2022,Shooting,"2022,Shooting"
2022,Shooting,"2022,Shooting"
2022,Stabbing,"2022,Stabbing"
2022,Shooting,"2022,Shooting"
2022,Shooting,"2022,Shooting"
2022,Shooting,"2022,Shooting"
2022,Shooting,"2022,Shooting"
2022,Other,"2022,Other"
2022,Shooting,"2022,Shooting"
2022,Shooting,"2022,Shooting"
2022,Shooting,"2022,Shooting"
2022,Other,"2022,Other"
2022,Other,"2022,Other"
2022,Shooting,"2022,Shooting"
2022,Shooting,"2022,Shooting"
2022,Shooting,"2022,Shooting"
2022,Stabbing,"2022,Stabbing"
2022,Other,"2022,Other"
2022,Shooting,"2022,Shooting"
2022,Shooting,"2022,Shooting"
2022,Other,"2022,Other"
2022,Shooting,"2022,Shooting"
2022,Shooting,"2022,Shooting"
2022,Stabbing,"2022,Stabbing"
2022,Stabbing,"2022,Stabbing"
2022,Stabbing,"2022,Stabbing"
2022,Shooting,"2022,Shooting"
2022,Stabbing,"2022,Stabbing"
2022,Shooting,"2022,Shooting"
2022,Stabbing,"2022,Stabbing"
2022,Stabbing,"2022,Stabbing"
2022,Stabbing,"2022,Stabbing"
2022,Shooting,"2022,Shooting"
2022,Other,"2022,Other"
2022,Other,"2022,Other"
2022,Stabbing,"2022,Stabbing"
2022,Shooting,"2022,Shooting"
2022,Shooting,"2022,Shooting"
2022,Shooting,"2022,Shooting"
2022,Shooting,"2022,Shooting"
2022,Shooting,"2022,Shooting"
2022,Shooting,"2022,Shooting"
2022,Stabbing,"2022,Stabbing"
2022,Shooting,"2022,Shooting"
2022,Shooting,"2022,Shooting"
2022,Shooting,"2022,Shooting"
2022,Stabbing,"2022,Stabbing"
2022,Stabbing,"2022,Stabbing"
2022,Shooting,"2022,Shooting"
2022,Shooting,"2022,Shooting"
2022,Stabbing,"2022,Stabbing"
2022,Shooting,"2022,Shooting"
2023,Other,"2023,Other"
2023,Other,"2023,Other"
2023,Other,"2023,Other"
2023,Stabbing,"2023,Stabbing"
2023,Other,"2023,Other"
2023,Stabbing,"2023,Stabbing"
2023,Stabbing,"2023,Stabbing"
2023,Shooting,"2023,Shooting"
2023,Stabbing,"2023,Stabbing"
2023,Stabbing,"2023,Stabbing"
2023,Shooting,"2023,Shooting"
2023,Other,"2023,Other"
2023,Other,"2023,Other"
2023,Stabbing,"2023,Stabbing"
2023,Shooting,"2023,Shooting"
2023,Shooting,"2023,Shooting"
2023,Shooting,"2023,Shooting"
2023,Other,"2023,Other"
2023,Other,"2023,Other"
2023,Shooting,"2023,Shooting"
2023,Stabbing,"2023,Stabbing"
2023,Shooting,"2023,Shooting"
2023,Stabbing,"2023,Stabbing"
2023,Stabbing,"2023,Stabbing"
2023,Stabbing,"2023,Stabbing"
2023,Other,"2023,Other"
2023,Shooting,"2023,Shooting"
2023,Other,"2023,Other"
2023,Shooting,"2023,Shooting"
2023,Stabbing,"2023,Stabbing"
2023,Shooting,"2023,Shooting"
2023,Stabbing,"2023,Stabbing"
2023,Stabbing,"2023,Stabbing"
2023,Shooting,"2023,Shooting"
2023,Other,"2023,Other"
2023,Shooting,"2023,Shooting"
2023,Shooting,"2023,Shooting"
2023,Shooting,"2023,Shooting"
2023,Shooting,"2023,Shooting"
2023,Shooting,"2023,Shooting"
2023,Stabbing,"2023,Stabbing"
2023,Other,"2023,Other"
2023,Other,"2023,Other"
2023,Other,"2023,Other"
2023,Shooting,"2023,Shooting"
2023,Shooting,"2023,Shooting"
2023,Stabbing,"2023,Stabbing"
2023,Other,"2023,Other"
2023,Shooting,"2023,Shooting"
2023,Stabbing,"2023,Stabbing"
2023,Shooting,"2023,Shooting"
2023,Stabbing,"2023,Stabbing"
2023,Shooting,"2023,Shooting"
2023,Shooting,"2023,Shooting"
2023,Shooting,"2023,Shooting"
2023,Stabbing,"2023,Stabbing"
2023,Shooting,"2023,Shooting"
2023,Stabbing,"2023,Stabbing"
2023,Stabbing,"2023,Stabbing"
2023,Shooting,"2023,Shooting"
2023,Shooting,"2023,Shooting"
2023,Stabbing,"2023,Stabbing"
2023,Other,"2023,Other"
2023,Other,"2023,Other"
2023,Stabbing,"2023,Stabbing"
2023,Shooting,"2023,Shooting"
2023,Other,"2023,Other"
2023,Other,"2023,Other"
2023,Stabbing,"2023,Stabbing"
2023,Shooting,"2023,Shooting"
2023,Shooting,"2023,Shooting"
2023,Other,"2023,Other"
2023,Stabbing,"2023,Stabbing"
